Image Size,total time,total time – file IO,File IO Read,File IO write,Host to Device,Horizontal Convolution,Vertical Convolution,Magnitude Kernel,Gradient Kernel,Thrust Sorting,Suppression Kernel,Hysteresis Kernel,Edge Linking Kernel,Device to Host,Block Size
1024,315577.943820225,298234.303370787,4127.05617977528,13216.5842696629,1530.50561797753,934.516853932584,857.292134831461,547.269662921348,537.988764044944,3337.02247191011,477.741573033708,560.775280898876,434.325842696629,14432.393258427,8
1024,338418.7,320033.74,4314.16,14070.8,1476.22,900.8,877.04,477.54,1585.06,3154.92,592.88,708.96,513.4,15356.9,12
1024,364370.44,345403.84,4350.74,14615.86,1798.18,1045.16,998.2,635.06,657.16,3789.16,968.24,711.02,584.16,14455.72,16
1024,336201.28,318036.22,3964.26,14200.8,1329.72,833.86,855.76,362,391.48,4225.1,309.46,340.42,270.44,14419.4,20
1024,467556.9,435072.4,4291.22,28193.28,1584.24,950.46,764.62,448.04,470.08,3442.26,583.2,440.1,280.02,14744.84,24
1024,370967.34,352923.4,4302.54,13741.4,1545.5,845.36,783.94,476.7,471.92,4734.02,495.36,400.4,786.78,14521.14,28
1024,382090.16,363889.84,4259.5,13940.82,1458.76,955.58,915.2,355.24,404.36,4126.62,432.5,278.22,272.6,14704.22,32
