Image Size,total time,total time – file IO,File IO Read,File IO write,Host to Device,Horizontal Convolution,Vertical Convolution,Magnitude Kernel,Gradient Kernel,Thrust Sorting,Suppression Kernel,Hysteresis Kernel,Edge Linking Kernel,Device to Host,Block Size
10240,6241392.45,3712505.65,375079.15,2153807.65,118570.275,61997.25,64592.475,28234.4,28815.35,61674.75,39701.225,19949.05,9353.675,1468651.025,8
10240,5915542.2,3467249.3,364020.3,2084272.6,111421.5,59736.7,57143.4,33970.05,33414.25,63039.3,30282.15,19013,7068.6,1470117.25,12
10240,6924741.5,4512479.61538462,373342.923076923,2038918.96153846,119697.653846154,80842.3846153846,55355.0384615385,18553.8076923077,17575.1153846154,59659.4615384615,25365.4615384615,13647.7692307692,6766.11538461539,1452370.76923077,16
10240,5968208.44,3450328.24,369183.68,2148696.52,114602.92,64315.88,58793.16,25510,26996.28,66759.8,30463.68,16127.64,8715.72,1453783.52,20
10240,6846718.63333333,4400281,369282.7,2077154.93333333,120047.6,84647.5,57036.8666666667,24913.9666666667,23566.6666666667,60191.9333333333,28260.2333333333,15399.7333333333,8131.4,1455701.13333333,24
10240,6946755.14814815,4520650.92592593,379349.740740741,2046754.48148148,122074.407407407,79838.8518518519,63240.0740740741,26737.5185185185,30219.7037037037,59481.0740740741,28802.0740740741,16959.962962963,10092.6666666667,1443016.37037037,28
10240,7470925.25,5058697.70833333,376772.708333333,2035454.83333333,123318.708333333,115332.708333333,90538.4166666667,26247.7916666667,26296.25,60415.75,28901.5,17386.3333333333,10410.4583333333,1456024.45833333,32
