Image Size,total time,total time – file IO,File IO Read,File IO write,Host to Device,Horizontal Convolution,Vertical Convolution,Magnitude Kernel,Gradient Kernel,Thrust Sorting,Suppression Kernel,Hysteresis Kernel,Edge Linking Kernel,Device to Host,Block Size
2048,429691.593023256,368564.406976744,14625.0581395349,46502.1279069767,5051.73255813954,2245.87209302326,2140.53488372093,789.46511627907,779.244186046512,5965.22093023256,859.488372093023,1179.8488372093,555.546511627907,55519.9651162791,8
2048,438592.170212766,376508.978723404,15286.6170212766,46796.5744680851,5154.57446808511,3020.6170212766,2076.48936170213,638.617021276596,639.553191489362,6264.57446808511,1101.65957446809,816.170212765957,461.425531914894,56083.7021276596,12
2048,646475.7,580864.08,14942.32,50669.3,4827.22,3105.4,2367.82,993.72,991.14,5383.58,897.02,609.1,355.72,56282.4,16
2048,488937.361702128,427252.382978723,14946.3617021277,46738.6170212766,4870.70212765957,2473.21276595745,2462.12765957447,1169.06382978723,1158.74468085106,4824.78723404255,991.106382978724,973.510638297872,770.617021276596,56844.4042553192,20
2048,731106.22,670310.1,14659.26,46136.86,5161.2,2641.16,2294.28,919.74,966.26,7227.7,989.04,595.78,324.28,56304.88,24
2048,783417.36,721633.42,14637.68,47146.26,5229.56,3327.06,3203.36,1532.26,1575.24,5574.06,1204.34,921.02,660.56,56064.24,28
2048,727459.346938776,666668.918367347,14238.306122449,46552.1224489796,5923.97959183673,3945.81632653061,3988.95918367347,1198.44897959184,1166.63265306122,6535.28571428572,1151.89795918367,843.714285714286,525.673469387755,56778.8163265306,32
