Image Size,total time,total time – file IO,File IO Read,File IO write,Host to Device,Horizontal Convolution,Vertical Convolution,Magnitude Kernel,Gradient Kernel,Thrust Sorting,Suppression Kernel,Hysteresis Kernel,Edge Linking Kernel,Device to Host,Block Size
4096,987177.325301205,749678,60473.4819277108,177025.843373494,18888,7389.24096385542,7249.32530120482,1658.34939759036,1657.60240963855,12548.4096385542,3507.69879518072,1732.89156626506,1172.96385542169,210693.65060241,8
4096,919383.681818182,685651.590909091,62724.5909090909,171007.5,18416.1363636364,8770.79545454545,7661.13636363636,2429.95454545455,2366.90909090909,12821.1818181818,3373.97727272727,1859.79545454545,833.25,209770.886363636,12
4096,1093132.47916667,852888.916666667,62541.6875,177701.875,20173.625,10291.7916666667,9417.3125,2861.33333333333,2865.72916666667,14042.0833333333,3605.9375,2147.75,978.770833333333,212419.5625,16
4096,934401.083333333,695880.791666667,64859.3541666667,173660.9375,18553.0416666667,8435.97916666667,8607.85416666667,3194.02083333333,3208.77083333333,12299.125,3782.47916666667,2168.47916666667,999.604166666667,209105.083333333,20
4096,1301086.46808511,1056550.93617021,60689.5744680851,183845.957446809,19322.3404255319,10187.0425531915,9318.89361702128,3366.25531914894,3513.34042553191,13577.914893617,4039.29787234043,2373.14893617021,1088.82978723404,208243.382978723,24
4096,1245863.14893617,994749.127659575,62415.9361702128,188698.085106383,19126.3617021277,10117.5531914894,9870.51063829787,3517.40425531915,3586.97872340425,14292.7872340426,4767.04255319149,2792.82978723404,1366.55319148936,212651.638297872,28
4096,1391527.25531915,1135606.5106383,63279.2553191489,192641.489361702,19486.5744680851,16476.4042553192,15665,3671.23404255319,3806.51063829787,12474.1063829787,4676.57446808511,2673.25531914894,1264.93617021277,215742.170212766,32
