Image Size,total time,total time – file IO,File IO Read,File IO write,Host to Device,Horizontal Convolution,Vertical Convolution,Magnitude Kernel,Gradient Kernel,Thrust Sorting,Suppression Kernel,Hysteresis Kernel,Edge Linking Kernel,Device to Host,Block Size
256,700415.36,609965.44,351.56,90098.36,556.9,353.14,328.6,195.96,209.14,458.74,295.74,286.74,245.76,1127.86,32
512,401563.4,396367.06,1183.36,4012.98,661.62,603.14,637.12,419.78,471.82,1572.34,315.48,403.86,380.76,4262.66,32
1024,382090.16,363889.84,4259.5,13940.82,1458.76,955.58,915.2,355.24,404.36,4126.62,432.5,278.22,272.6,14704.22,32
2048,727459.346938776,666668.918367347,14238.306122449,46552.1224489796,5923.97959183673,3945.81632653061,3988.95918367347,1198.44897959184,1166.63265306122,6535.28571428572,1151.89795918367,843.714285714286,525.673469387755,56778.8163265306,32
4096,1391527.25531915,1135606.5106383,63279.2553191489,192641.489361702,19486.5744680851,16476.4042553192,15665,3671.23404255319,3806.51063829787,12474.1063829787,4676.57446808511,2673.25531914894,1264.93617021277,215742.170212766,32
10240,7470925.25,5058697.70833333,376772.708333333,2035454.83333333,123318.708333333,115332.708333333,90538.4166666667,26247.7916666667,26296.25,60415.75,28901.5,17386.3333333333,10410.4583333333,1456024.45833333,32
