Image Size,total time,total time – file IO,File IO Read,File IO write,Host to Device,Horizontal Convolution,Vertical Convolution,Magnitude Kernel,Gradient Kernel,Thrust Sorting,Suppression Kernel,Hysteresis Kernel,Edge Linking Kernel,Device to Host,Block Size
256,321409.868131868,243752.483516484,349.56043956044,77307.8241758242,479.747252747253,368.758241758242,285.296703296703,232.659340659341,249.153846153846,458.967032967033,256.076923076923,275.10989010989,239.186813186813,1066.20879120879,8
512,290714.511111111,285200.311111111,1630.06666666667,3884.13333333333,576.588888888889,380.288888888889,394.211111111111,285.588888888889,320.322222222222,1780.43333333333,264.811111111111,281.177777777778,272.4,4157.78888888889,8
1024,315577.943820225,298234.303370787,4127.05617977528,13216.5842696629,1530.50561797753,934.516853932584,857.292134831461,547.269662921348,537.988764044944,3337.02247191011,477.741573033708,560.775280898876,434.325842696629,14432.393258427,8
2048,429691.593023256,368564.406976744,14625.0581395349,46502.1279069767,5051.73255813954,2245.87209302326,2140.53488372093,789.46511627907,779.244186046512,5965.22093023256,859.488372093023,1179.8488372093,555.546511627907,55519.9651162791,8
4096,987177.325301205,749678,60473.4819277108,177025.843373494,18888,7389.24096385542,7249.32530120482,1658.34939759036,1657.60240963855,12548.4096385542,3507.69879518072,1732.89156626506,1172.96385542169,210693.65060241,8
10240,6241392.45,3712505.65,375079.15,2153807.65,118570.275,61997.25,64592.475,28234.4,28815.35,61674.75,39701.225,19949.05,9353.675,1468651.025,8
